{"products":[{"id":"0.10757596242626977","qty":1}],"totalPrice":0.9900000000016007}